index,0,1
а был ли мальчик?,"Употребляется при сомнениях в наличии самого предмета, давшего повод для беспокойства, хлопот, иронично.",Взято из романа М. Горького ”Жизнь Клима Самгина”
"а васька слушает, да ест","О том, кто не обращает внимания на уговоры и увещевания и продолжает делать своё (обычно предосудительное) дело.",Это выражение - цитата из басни И. А. Крылова ”Кот и повар” (1813).
а всё-таки она вертится,Выражение верности своим взглядам.,"Фраза, произнесённая Галилео Галилеем после суда с католической церковью, на котором его вынудили отречься от учения Коперника"
авгиевы конюшни,Неподъёмная грязь и запустение. ,"Происхождение оборота связано с древнегреческой легендой о шестом из двенадцати подвигов Геракла. Герой смог очистить скотный двор царя Авгия, где содержались кони, подаренные Авгию отцом. Этот двор не убирался в течение многих лет. Геракл разрушил с двух сторон стену, окружавшую двор, и отвел туда воду двух полноводных рек – Алфея и Пенея. Вода унесла весь навоз за один день."
ад кромешный,"Место мучений, где условия невыносимы. Ужасная суматоха.","Прилагательное ""кромешный"" образовано от слова ""крома"" - ""граница, край"". По древним представлениям, солнце светит до определенного предела земного круга, дальше которого начинается другой, внешний мир, где царит полный мрак. Со временем слово ""кромешный"" стало  обозначать ""тягостный, отчаянный"", а ад кромешный – ""место мучений"". Потом сочетание стало ассоциироваться с хаосом, невообразимым шумом при ссорах и перебранках."
адвокат божий,"О человеке, способном выгородить, оправдать, любой самый неприглядный поступок.","Выражение связывают с католическим обычаем, когда церковь решает канонизировать нового святого, устраивается диспут между двумя монахами. Один всячески восхваляет умершего - это Адвокат Божий, другому поручается доказать, что канонизируемый немало грешил и недостоин такого высокого звания, это - Адвокат Дьявола."
адвокат дьявола,"О человеке, любящем сквернословить в чей-либо адрес, старающемся и в хорошем найти недостатки.","Это выражение восходит к средним векам. Латинскими словами advocatus diaboli называли участника богословского диспута, который в споре выступал как противник богослова, стремившегося доказать некое положение (например, при канонизации святого). ""Адвокат дьявола"" выдвигал возражения как бы от имени врага рода человеческого. Таким образом богослов должен был продемонстрировать умение вести дискуссию с самым недоброжелательным и хорошо подготовленным противником."
альфа и омега,"Самая суть, основа чего-либо. Буквально: начало и конец."," Альфа и омега - первая и последняя буквы греческого алфавита. Для сравнения: от ""а"" до ""я""."
ангельское терпение,Бесконечное и доброжелательное терпение,
аника-воин,"Иронично о хвастливом человеке, бахвалящемся своей храбростью лишь находясь вдали от опасности.","Выражение связано с народной поговоркой ""Аника-воин сидит да воет"", в которой имя избрано не случайно: греч. а - ”не”, nike - ”победа”."
аредовы веки,Очень долго.,"Произошло от имени библейского патриарха Иареды (Йэрэд - в оригинале на иврите - '''ירד'''), прожившего 962 года (Бытие 5:20)"
"артель ""напрасный труд""",Заниматься никому не нужным делом,
ахиллесова пята,Уязвимое место,"Легенда рассказывает, что мать Ахилла, Фетида, желая сделать сына неуязвимым, окунула мальчика в воды священной реки Стикс. Но, окуная, она держала его за пятку, и она оказалась незащищен­ной. В одном из сражений Парис, противник Ахилла, пустил стрелу в пятку Ахилла и убил его."
бабушка надвое сказала,Непроверенная информация,"Производное от пословицы: ""Бабушка гадала, да надвое сказала: то ли дождик, то ли снег, то ли будет, то ли нет""."
бабушкины сказки,Какие-либо небылицы,
бабье лето,1. Ясные теплые дни в ранней осени. 2. Возраст женщины от 40 до 45 лет.,"1. Июнь, июль и август были наиболее тяжелыми месяцами для крестьянок: они работали в поле и дома и лишь осенью после уборки урожая могли позволить себе отдохнуть. 2. Легкую паутинку, которая летала по полям и лесам, предвещая сухую осень, тоже когда-то называли бабьим летом. Она ассоциировалась с едва заметными ""серебряными"" волосами у относительно молодой женщины, а жаркие дни - с ее возрастом, в котором женская красота уже полностью раскрылась. 3. Раньше считалось, что женщины магически влияют на природу и могут ненадолго повернуть время вспять."
баки забивать,"Жаргон, обманывать кого-либо, пытаться вводить в заблуждение кого-либо.",
балансировать на грани,Сильно рисковать,
бальзаковский возраст,О возрасте женщины от 30 до 40 лет.,Происходит от названия романа О.Бальзака «Тридцатилетняя женщина». В наше время женщинами бальзаковского возраста называют женщин за 40.
бальзам на душу,"О чём-либо, что может успокоить тревогу",
беден как церковная мышь,"Очень беден, обычно с намёком на голодание",
бежать высунув язык,"Бежать очень быстро, на пределе сил",
"бежать, как от чумы",Избегать чего-то очень опасного,
без дураков,"Со всей серьезностью, без всяких шуток","Оборот родился во времена русского средневековья и связан с обычаями московского царского двора. Когда в царских палатах родовитые бояре собирались «думать государеву думу», принимать серьезные решения, то их заседания проходили в строгой секретности. Туда не пускали никого – тем более острословных и болтливых «дураков», т. е. шутов, которых было принято держать при царском дворе."
без задних ног,"Очень крепко, беспробудно.","Выражение возникло на основе наблюдений над животными: после работы лошадь ложится и спит, совершенно расслабив задние ноги, если пытаться поднять ее, она будет вставать на передние ноги, а задние ее не будут слушаться. Первоначально оборот имел значение «спать не двигаясь от усталости»."
без оглядки,"Очень быстро, безрассудно",
без подвоха,Без подвоха,
без понятия,Ничего не знать о чем-либо,
"без сучка, без задоринки","Идеально, без сложностей",
без царя в голове,"Иронично о взбалмошном, глупом, пустом, неосмотрительном человеке","1. Происхождение связано с пословицей ""У каждого свой царь в голове"", где  разум в голове сопоставляется с царем в государстве. 2. Оборот возник в результате свертывания пословицы ""Свой ум - царь в голове""."
безвыходное положение,Отсутствие благоприятного варианта,
белая ворона,"Изгой, также не похожий на других людей.",Фразеологизм возник из-за исключительной редкости появления ворон с белыми перьями
белая горячка,"Алкогольный психоз. Острое отравление алкоголем (сивушным маслом). Выражается бессонницей, дрожанием конечностей, бредом и галлюцинациями зрения и слуха, повышенной температурой.",Выражение пришло из латинского языка delirium tremens
белены объесться,"(грубо-прост.) о том, кто потерял рассудок, ведёт себя, как ненормальный, безумный.",Белена — ядовитое растение с одурманивающим запахом
бельмо на глазу,Раздражающий фактор,
бередить старые раны,"Напоминать о былых горестях, неудачах. Синоним - сыпать соль на рану",
беречь как зеницу ока,"Оберегать, стеречь как что-либо очень важное",
беситься с жиру,Производить неразумные траты (легко доставшихся) средств.,
бесплатный сыр,"Приманка, заманивающая в ловушку.",От выражения «Бесплатный сыр бывает только в мышеловке»
бессонная ночь,"Ночь тревог, раздумий, решений душевных (психологических) проблем",
битый час,Очень длительное время.,"Происхождение сочетания чисто русское, его связывают с появлением в середине XV в. первых часов с боем. Битый час изначально — это время от одного удара часов до другого"
бить баклуши,"Неодобрительно. Бездельничать, заниматься пустяковым делом, праздно шататься, изначально — заниматься совсем простым, лёгким делом.","Баклуша — заготовка для деревянной ложки, и выбить её считалось заданием для начинающих столяров."
бить в одну точку,"Повторять одно и то же: в действии, в речи",
бить ключом,"О бурной, полной событий, плодородной жизни.",По аналогии с фонтанирующим ключом в сравнении с спокойно истекающими источниками воды.
биться как рыба об лед,"Настойчивые, но напрасные усилия (безрезультатная деятельность) Сизифов труд",
биться об заклад,Спорить на что-либо.,"Закладом на Руси называли всякое вещественное обеспечение в верности уплаты займа или иного обязательства, залог, а также пари, спор на выигрыш или саму ставку. Биться означало «держать пари, спорить»."
благодатная почва,Хорошие условия для чего-либо,
ближе к делу,Призыв к собеседнику переходить к сути разговора. Шутливое «ближе к телу»,
блошиный рынок,"Рынок, на котором торгуют всякой всячиной",
блуждать в потёмках,"Находиться в неведении, решать проблему, не зная исходных данных",
блюдечко с голубой каёмочкой,"То, что достается без усилий, без труда. Преподнести на блюдечке с голубой каемочкой-подарить что-то тому, кто этого не заслуживает, отдать без боя","Взято из романа И.Ильфа и Евгения Петрова ""Золотой Телёнок""."
богатый выбор,"Большой, широкий выбор, множество предложений",
боевое крещение,Первое участие в каком-либо деле,
божий одуванчик,"Иронично, О тихом, бесконфликтном и слабом, обычно старом человеке","Выражение появилось в середине 1960-х годов из юморески советских комиков про бабушек, сидящих на скамейках у подъезда, с видом ангелов порицая и осуждая всех и вся"
бой-баба,"Боевая, активная, крепкая женщина. Синоним — гром-баба.",
болтаться без дела,"Ничем не заниматься, не знать, чем себя занять",
больное место,"Слабое, несовершенное место, слабость человека, травма",
больной вопрос,"Вопрос, не дающий покоя собеседнику",
большая шишка,"Кто-то важный, значительный, влиятельный человек Большой человек.","Выражение восходит к речи бурлаков, в которой шишкой называли самого опытного и сильного бурлака, идущего в лямке первым"
бояться собственной тени,Бояться всего,
брать за душу,Вызывать сильное душевное волнение,
брать количеством,"Добиваться успеха благодаря большой численности, а не качества",
брать на абордаж,"Действовать решительно, напористо по отношению к кому-либо, чему-либо.",
брать на испуг,"Пугать, часто необоснованно",
брать на пушку,"Пугать, часто необоснованно",
блефовать,"Пугать, часто необоснованно",
брать под крыло,Заботиться о ком-либо,
брать с потолка,Выдумывать данные,
браться за ум,"Становится благоразумнее, рассудительнее",
братья наши меньшие,Животные,
бред сивой кобылы,Полная бессмыслица,
бровью не повёл,Внешне не проявил эмоций,
бросать камни в чей-либо огород,Намекать на кого-либо,
бросать слова на ветер,"Говорить безответственно, не отвечая за свои слова",
бросаться в глаза,Сразу же привлекать внимание,
бросить в беде,Не помочь кому-либо в нужный момент,
бросить тень,Создать неблагоприятное впечатление о чем-нибудь или о ком-нибудь,
бумага всё стерпит,"Напоминание о том, что любая письменная информация может быть ложью.",
буриданов осел,"О том, кто, при двух равных возможностях выбора, не может принять решение",
буря в стакане,Большие волнения по ничтожному поводу.,Восходит к латинскому выражению «буря в разливательной ложке»
была б моя воля,"Взгляд говорящего на проблему, его способ решения проблемы",
будь моя воля,"Взгляд говорящего на проблему, его способ решения проблемы",
быльём поросло,"Давно забыто, стёрлось в памяти, о том, что безвозвратно прошло",
быть в фаворе,"Быть в милости, пользоваться расположением кого-либо. Быть любимцем",
быть не в своей тарелке,"Испытывать неловкость, находясь в непривычной обстановке",
́в не лучшей форме,"Недоделанный, не готовый, испорченный",
в бегах,Скрываться от властей или правоохранительных органов средством изменения места пребывания,
в глубине души,Скрытое чувство,
в зените успеха,В момент наивысшего успеха,
в зените славы,В момент наивысшего славы,
в идиотском положении,В идиотском положении,
в курсе,Быть ознакомленным с чем-либо,
в ногах правды нет,Приглашение сесть,"1. Сочетание связано с тем, что в XV-XVIII вв. на Руси должников жестоко наказывали, били железными прутьями по голым ногам, добиваясь возврата долга, т. е. ""правды"", однако такое наказание не могло заставить вернуть долг тех, у кого не было денег. 2. Сочетание возникло в связи с тем, что помещик, обнаружив пропажу чего-либо, собирал крестьян и заставлял их стоять, пока не назовут виновного. 3. Выражение связано с правежом (жестоким наказанием за неуплату долгов). Если должник спасался от правежа бегством, говорили, что в ногах правды нет, то есть долг выбить невозможно, с отменой правежа смысл поговорки изменился."
в открытую,"Действовать или говорить напрямую, ничего не скрывая",
в отцы годится,"Намного старше, опытнее",
в печёнках сидеть,Очень надоесть,"На Руси считали печень вместилищем жизненной силы. То есть сидеть в печёнках значило отравлять жизнь, мешать жизни."
в пику,Делать что-то демонстративно,
в подмётки не годится,"Означает, что сравниваемый предмет гораздо хуже другого",
вполуха,Слушать невнимательно,
в полном разгаре,В процессе,
в поте лица работать,Добросовестно выполнять тяжелую работу,
в пределах разумного,"Совершать действия в рамках принятой морали,",
в прекрасной форме,Находиться в хорошей физической форме,
в расцвете,В наилучшей форме,
врезать дуба,Умереть,
в своём уме,Действовать или говорить разумно,
в сердцах,Действовать или говорить по первому побуждению,
в сто раз лучше,Во много раз лучше,
в сто раз хуже,Во много раз хуже,
в центре внимания,"Событие или человек, на которое все обращают внимание",
в час по чайной ложке,Очень медленно,
в четырёх стенах,"Дома, в помещении, не выходя на улицу",
в чистом поле,Там где нет людей и помощь со стороны маловероятна,
вавилонское столпотворение,"Беспорядочная толпа людей, суматоха, неразбериха"," Выражение возникло из библейского мифа о попытке построить в Вавилоне башню, которая должна была достигнуть неба. Когда строители начали свою работу, разгневанный Бог ""смешал "" их языки, они перестали понимать друг друга и не могли продолжить постройку."
валить в одну кучу,Не разграничивать понятия разной природы,
валить с больной головы на здоровую,Перекладывать свои проблемы или задачи на другого,
валять дурака,"1) притворяться непонимающим, глупым, паясничать, дурачиться. 2) бездельничать, праздно проводить время.",
ваньку валять,Бездельничать,
вариться в собственном соку,Не иметь возможности общаться с кем-то извне,
вашими молитвами,"Ответ на вопрос: ”Как поживаете?”, ”Как ваше здоровье?” в значении ”спасибо, ничего” как выражение благодарности за участливое отношение.",
вбить в голову,"Запомнить раз и навсегда, заставить запомнить",
вверх тормашками,"Кувырком, через голову, вверх ногами, вверх дном, в полном беспорядке.",
вгонять в краску,Смущать,
вдобавок ко всему,В дополнение,
вернёмся к нашим баранам,"Вернёмся к теме разговора. Призыв к говорящему не отвлекаться от основной темы, констатация говорящим того, что его отступление от темы разговора окончилось и он возвращается к сути","Калька с фр. revenons a nos moutons. Выражение возникло во французском средневековом фарсе, в котором богатый купец приходит судиться с пастухом за недостачу принадлежащих купцу баранов, а в процессе постоянно пытается перевести разговор на адвоката пастуха, который накануне мошенничеством увел у купца отрез ткани. Судья некоторое время пытается призвать истца вернуться к теме судебного разбирательства, после чего, запутавшись, закрывает заседание к радости пастуха и адвоката."
вертеться как белка в колесе,Иметь много хлопот,
вертеться на языке,"Говорится о ситуации, когда человек старается вспомнить что-то, знает, что это ему известно, но вспомнить не может",
верхушка общества,Элита,
вешать нос,Впадать в уныние или отчаяние,
взрывоопасный вопрос,"Вопрос, могущий привести к непредсказуемым, но сильным последствиям",
взять быка за рога,Сразу приступить к делу или разговору и т.п.,
взять на вооружение,"Принять к сведению, учесть что-то для дальнейшего использования",
видеть насквозь,Понимать скрытые мотивы поведения человека,
вилами по воде писано,О неподтвержденных и маловероятных данных,
висеть на волоске,Риск очень велик,
витать в облаках,"Предаваться несбыточным мечтам, не замечая окружающего",
вить верёвки из кого-либо,Манипулировать кем-либо,
вкладывать душу,Относиться к делу ответственно и с любовью,
властитель дум,"Выдающийся человек, оказывающий сильное духовное и интеллектуальное влияние на своих современников",
власть имущие,"О тех, кто стоит у власти (имеющие власть)",
во всю глотку,Очень громко,
во всю ивановскую,Очень громко.,"1. На Ивановской площади в Москве когда-то читали указы громким голосом, во всеуслышание. 2. На Ивановской площади в Москве когда-то пороли преступников."
во всю прыть,Быстро,
во главу угла,"Признавать что-либо главным, особо важным.",
водить за нос,"Обманывать, вводить в заблуждение","Произошло от способа управлять животными, когда их водят за кольцо, продетое в ноздри"
водой не разольёшь,О крепкой дружбе,
вожжа под хвост попала,"О человеке, который неожиданно начинает совершать необдуманные, нелогичные действия","Ранее применялось по отношению к лошадям в упряжке и имело не переносный, а прямой смысл."
воздушные замки,Иллюзии,
возить воду на ком-либо,"Обременять кого-л. тяжелой и унизительной работой, беспощадно эксплуатировать, пользуясь его покладистым характером",
войти в историю,Прославиться,
волк в овечьей шкуре,"О лицемере, прячущем под маской добродетеля свои злые намерения","Выражение взято из текста Евангелия: ""Берегитесь лжепророков, которые приходят к вам в овечьей одежде, а внутри суть волки хищные"" (Матфей, 7: 15)."
вооружённый до зубов,Подготовленный к чему-либо,
вопрос жизни и смерти,Очень важный вопрос,
ворошить прошлое,"Вспоминать прошедшие, неприятные, события или поступки",
восьмое чудо света,"О чём-либо необычном, удивительном, выдающемся","В древности люди насчитывали лишь семь чудес света, которые так прочно вошли в сознание людей, что всякое новое замечательное достижение называли восьмым чудом света."
вот в чём загвоздка,Вот в чём суть дела!,
"вот тебе, бабушка, и юрьев день","Иронично, о неожиданно не сбывшихся надеждах, внезапных переменах к худшему, резком ограничении свободы действий","Выражение пришло из времени средневековой Руси, когда крестьяне имели право, рассчитавшись с предыдущим помещиком, перейти к новому. По закону, изданному Иваном Грозным, такой переход мог происходить только после окончания сельскохозяйственных работ, а конкретно за неделю до Юрьева дня (25 ноября по старому стилю, когда праздновался день Великомученика Георгия - покровителя земледельцев) или спустя неделю. После смерти Ивана Грозного такой переход был запрещен и произошло закрепление крестьян к земле. Тогда и родилось выражение ""Вот тебе, бабушка, и Юрьев день"" как выражение огорчения из-за изменившихся обстоятельств. Святого Георгия в народе называли Егорием, поэтому в это же время возникло слово ""объегорить"", то есть обмануть, надуть."
вперёд батьки в пекло лезть,"О ненужной поспешности в деле, решении, чаще неприятном и таком, которое лучше не делать самому",
врагу не пожелаешь,О чем-то негативном,
врать и не краснеть,"Нагло, беззастенчиво врать",
врать как сивый мерин,"Нагло, беззастенчиво врать",
время пошло,"Процесс начался, нужно действовать быстро",
время терпит,Можно не торопиться,
всё или ничего,О готовности к трудностям,
всё к тому идёт,События происходят в известном направлении,
всё не так просто как кажется,Указание на сложность ситуации вопреки поспешным выводам,
всему своё время,"Указание на поспешность вывода, призыв не торопиться",
всех дел не переделаешь,Невозможно все успеть,
вставать с петухами,Очень рано просыпаться,
вставить слово,Заговорить,
вставлять палки в колеса,Мешать чему-либо,
встать не с той ноги,Проснуться или быть в плохом настроении без особой причины,
встреча без галстуков,"Встреча политиков или бизнесменов в «неформальной обстановке», без соблюдения большинства полагающихся норм протокола",
втереться в доверие,Заставить человека доверять себе,
втирать очки,"Обманывать кого-либо, представлять что-либо в выгодном свете",
вторая скрипка,"Человек, находящийся на вторых ролях, не лидер",
второе дыхание,Новый прилив сил,
второе рождение,Удачный исход сложной ситуации,
второй дом,"Родное, значимое место",
вцепиться в глотку,Крепко ухватиться,
выбить из колеи,"Заставить нарушить привычный образ жизни, вывести кого-либо из обычного состояния",
выбить почву из-под ног,Лишить опоры,
выброшенные деньги,"Деньги, потраченные зря",
вывалять в грязи,"Оговорить человека, оклеветать",
вывести на чистую воду,Уличить во лжи,
выворачивать кому-либо руки,Ограничивать свободу действий,
выгадывать на мелочах,Получать выгоду из мелочей,
выгодная сделка,Хорошая сделка,
выдавить улыбку,"Улыбаться через силу, неохотно",
выдать на-гора,"Предъявить сделанную работу, произвести какую-л. продукцию (из речи шахтеров)",
"выжать всё, что можно","Заставить выложиться, работать в полную силу",
выжить из ума,Сойти с ума,
выйти в тираж,Прекращение активной деятельности,
выйти из себя,Начать нервничать,
выйти из-под контроля,О невозможности уследить за чем-либо,
выйти сухим из воды,Без плохих последствий,
выложить без обиняков,Сказать прямо,
вынашивать честолюбивые планы,Строить честолюбивые планы,
выносить сор из избы,Обсуждать с посторонними (чьи-то) личные проблемы,
выпрыгивать из штанов,"1. неодобрительно, Активно действовать, чтобы быть замеченным и поощренным начальством. 2. Сильно радоваться.",
выпустить кишки,Убить,
вырыть себе яму,Действовать себе во вред,
высказать всё что думаешь,Высказать своё отношение (чаще негативное),
высокие материи,Философские вопросы,
высосанный из пальца,Выдуманный,
вытолкать взашей,Выгнать с помощью грубой силы,
вытрепать нервы,Заставить сильно волноваться,
газетная утка,"Сообщение, содержащее зачастую неверную, ошибочную или непроверенную информацию, откровенную ложь",
галопом по европам,"Шутливое, о крайне поверхностном, делаемом в спешке ознакомлении с чем-либо",
гвоздь программы,"1) наилучший номер, наилучший артист в концерте, производящий сенсацию. 2) наилучшая программа чего-либо",
где наша не пропадала,Опытные люди могут выйти из сложной ситуации,
где собака зарыта,В чем главная причина,
геенна огненная,"Ад, преисподняя",
глаза на лоб полезли,Сильно удивиться,
глаза на мокром месте,Часто и много плакать по незначащим поводам,
гладить против шерсти,Раздражать,"Кошкам не нравится, когда их гладят против шерсти"
глаза разбегаются,О большом выборе,
глаза слипаются,Засыпать,
глазом не моргнуть,Вести себя спокойно,
глас вопиющего в пустыне,Не встретить поддержки в своих просьбах,"Выражение является цитатой библейских текстов. В Ветхом Завете, в Книге Пророка Исаии говорится: «Глас вопиющего в пустыне: приготовьте пути Господу, прямыми сделайте в степи стези Богу нашему» (Библия Ис.40:3), в Евангелиях Иоанн Креститель, его призывы, также именуются «гласом вопиющего в пустыне» (Библия Ин.1:23). Однако призывы пророков остались напрасными, большинство людей не прислушалось к ним."
глухой как тетерев,Абсолютно глухой,
гнать волну,"Начинать сплетни, толки",
гнетя концы,1) делать всё наоборот 2) делать всё неправильно,
гнуть свою линию,Делать по-своему,
говорить все как есть,Говорить начистоту,
говорить на разных языках,Не понимать друг друга,
говорить обиняками,Говорить намеками,
"говорить одно, а думать другое делать третье","Говорить одно, а думать другое (делать третье)",
говорить полуправду,Недоговаривать,
гол как сокол,Беден,
голова идёт кругом,Об умственном перенапряжении,
головная боль,Постоянно или часто проявляющаяся проблема,
голод не тетка,"Голод тяжело переносится и не может быть утолен ничем, кроме еды",
голодный как волк,Очень голодный,
голубая кровь,"Благородное, высокородное происхождение",
голубая мечта,Заветная мечта,
голый энтузиазм,"О человеке с жаждой деятельности, но без знаний или средств",
гомерический хохот,"Очень сильный, громкий смех",
гора с плеч,О быстром разрешении крупной проблемы,
гордиев узел,"Означает сложную и запутанную проблему, ситуацию. Разрубить Гордиев узел - избавиться от проблемы самым решительным путем.","Узел царя Гордия, который разрубил по-преданию Александр Македонский. Согласно легенде, развязавший этот узел будет править миром."
горе луковое,Маленькое горе,
горы свернуть,Совершать великие дела,
горькая правда,Горькая правда,
гражданский брак,"Не зарегистрированный официально брак, сожительство","Брачный союз, зарегистрированный и оформленный в соответствующих органах государственной власти. В России в разговорной речи под этим термином часто понимают фактические незарегистрированные брачные отношения."
грести лопатой,Получать максимальную прибыль,
грести под себя,"Стремиться получить как можно больше прибыли, выгоды",
греть душу,Радовать,
грозный вид,Устрашающий вид,
грош цена,"Грош - самая мелкая монета, меньше которой не было. Очень низкая цена, бесценок.",
гроша ломаного не стоит,"Ничего не стоящий, пустяковый.","Иногда, чтобы получить монету меньшего номинала, ее ломали. Грош - самая мелкая монета, которую ломать было бессмысленно. Ломанный грош - меньше меньшего, очень дешевый."
грызть гранит науки,Учиться,
да ещё каких мало,Да ещё каких мало,
давить на жалость,"Пытаться уговорить кого-либо, вызывая у него чувство жалости",
дать добро,"Согласиться, разрешить",
дать дуба,Умереть,
дать сто очков вперед,Быть значительно лучше,
два сапога пара,Очень похожие друг на друга,
двойная бухгалтерия,Способ укрывать доходы от налоговой службы,
девичья память,"Плохая, короткая память",
девятый вал,"Считалось, что девятый вал, то есть, девятая волна во время шторма, смертельно опасна для корабля в море",
действовать по обстановке,Импровизировать,
"дела давно минувших дней, преданья старины глубокой",Давно прошло и никому не интересно,
делать веселую мину при плохой игре,"Притворяться, что ситуация лучше, чем на самом деле",
делать из мухи слона,Преувеличивать,
дело в шляпе,Проблема близка к разрешению,
дело выгорело,Дело завершено успешно,
дело десятое,"Нечто непервоочередное, неважное",
дело пахнет керосином,Дело идет к неприятным последствиям,
дело дрянь,Негативная ситуация,
деловая колбаса,"Иронично, Деловой, серьезный",
денег как грязи,Денег очень много,
деньги на бочку,Призыв немедленно отдать деньги,"Первоначально пошло от пиратской традиции играть в азартные игры, складывая ставки на бочку, чтобы любой мог следить за ними."
держать в ежовых рукавицах,"Держать в строгости, ограничивать.",
держать в напряжении,Держать в напряжении,
держать на коротком поводке,Давать мало свободы,
держать на расстоянии,Избегать встреч,
держать нос по ветру,Следить за ситуацией,
держать руку на пульсе,Следить за ситуацией,
держать язык за зубами,"Молчать, хранить тайну",
держаться в тени,"Действовать скрыто, неявно, не обращать на себя внимание",
держаться на плаву,Успешно вести дела,
держаться подальше от,Держаться подальше от,
держи карман шире,О пустых надеждах,
дирол с ксилитом ," Бесполезное дело,тягомотина",
длинный язык,О болтуне,
для галочки,Для галочки,
до второго пришествия,На долгий срок,
до мозга костей,"О человеке: полностью, совершенно",
до победного конца,До победного конца,
до посинения,Очень долго,
до свадьбы заживет,"О небольших ранах, травмах",
до точки,До точки,
до хрипоты,"Очень долго, бессмысленно спорить",
добраться до сути,Добраться до главной темы рассуждений,
добровольно-принудительный,"Принудительный, но имеющий видимость добровольности",
доводить до белого каления,Раздражать до крайности,
доводить до ума,Заканчивать работу,
дойная корова,Дойная корова,
дойти до точки,"1. Закончить, 2. Придти в какое-либо состояние (""Потом не помню - дошел до точки"" (с) Владимир Высоцкий, т.е. допился до неадекватного состояния)",
долгая история,Долгая история,
дом терпимости,Бордель,
допиться до чертиков,Очень сильно (до психических расстройств) напиться,
дорогу осилит идущий,Для успешного выполнения задачи надо за нее взяться,
досконально знать все тонкости,очень подробно знать некий предмет,
доставать кого-либо,Надоедать кому-либо,
дошло как до жирафа,"О человеке, медленно понимающем",
драть как сидорову козу,"Сильно наказывать (розгами, ремнем)"," 1. Выражение построено на переносном значении слов «Сидор» и «коза». Сидором в народе называли то злого и сварливого человека, то богатея-скупца (который и собственную козу не пожалеет, если та заберется в огород и разорит грядки, к примеру). Коза считалась животным вредного нрава, за что, собственно, по представлениям наших предков, она и заслуживала порки. И ведь действительно козам нередко доставалось за потраву. 2. Изначально ни о какой козе и речи не было, а «сидорова коза» – это искажение арабского оборота «садар каза», означавшего приговор шариатского судьи – кази, или казия – и частенько содержавший в себе наказание осужденному в виде битья палками. Арабское слово «каза» означает, кроме того, и само судопроизводство, точнее, рассмотрение отдельных судебных дел, случаев."
дрожать как осиновый лист,Сильно дрожать,
душа нараспашку,Открытый человек,
душа компании,"Тот, кто развлекает, является центром компании, заводила",
души не чаять,"Безгранично любить, обожать, доверяя во всём.",
душой и телом,целиком весь,
дырка от бублика,Ничего,
дышать на ладан,"Быть в плохом, изношенном состояними (о вещи), или быть еле живым, умирать (о человеке)",
дьявол во плоти,Плохой человек,
единственный и неповторимый,Уникальный,
ежовые рукавицы,Строгий надзор,"Ежовые рукавицы (голицы) - рабочие кожаные рукавицы без подкладки и меха, они предназначались для ловли ежей. Еще в XVIII веке выражение ежовые рукавицы зафиксировано в пословице: Ежовыми рукавицами да за мягкое тело приниматься."
ежу понятно,Очень просто,"1. Источник выражения «И ежу понятно» — стихотворение Маяковского («Ясно даже и ежу — Этот Петя был буржуй»). 2. Широкое распространение выражение получило сначала в повести Стругацких «Страна багровых туч», а затем в советских интернатах для одаренных детей. В них набирали подростков, которым осталось учиться два года (классы А, Б, В, Г, Д) или один год (классы Е, Ж, И). Учеников одногодичного потока так и называли — «ежи». Когда они приходили в интернат, «двухгодичники» уже опережали их по нестандартной программе, поэтому в начале учебного года выражение «ежу понятно» было очень актуально."
еле дышит,"Очень слаб, устал, болен (о человеке), сильно изношен (о вещи)",
еле-еле душа в теле,"Очень слаб, устал, болен о человеке",
если б да кабы,"Реплика, подчёркивающая неосуществимость чего либо, несбыточность надежды, мечты и т. п., полная фраза звучит как ""если бы, да кабы, да во рту росли грибы, тогда бы был не рот, а целый огород""",
если уж на то пошло,В таком случае,
есть ещё порох в пороховницах,Есть у меня ещё силы,"Взято из повести Н. В. Гоголя ""Тарас Бульба"""
етишкина жизнь,"Бедовая, безрадостная жизнь",
ёлки зелёные,Восклицание удивления или досады. ,"Предполагают, что оно связано с тем, что до революции на кабацких вывесках изображались еловые ветки."
ждать своего часа,Терпеливо ждать,
ждать у моря погоды,"Ждать благоприятных условий, которые вряд ли сложатся",
железный занавес,Полная изоляция чего-либо,
жёлтая пресса,"Периодические издания, зачастую пишущие неправду или скандальные новости",
"жив, курилка!",шутливо живой,"Восходит к старинной игре, в которой передавали из рук в руки зажжённую лучину, приговаривая: ""Жив, курилка, жив, жив, не умер""."
живем один раз,Так говорят чтобы подчеркнуть насколько ценна жизнь и поэтому многие хотят в жизни все успеть попробовать,
жизнь в розовом свете,Беззаботная жизнь,
жизнь продолжается,Ничего страшного,
жиртрест,"Грубо, о толстом человеке","Происходит от из раннего периода советской власти, из тридцатых годов, когда образовывались многочисленные объединения — тресты и комбинаты."
житейская мудрость,Житейская мудрость,
житейский опыт,"Опыт, приходящий с годами, полученный в ходе жизни",
жить своим умом,"Думать самому, соображать своей головой, не полагаясь на чужие советы",
жить чужим умом,Бездумно полагаться на советы других,
жопа с ручкой,О вредном человеке,
жребий брошен,Выбор сделан,
за длинным рублем погнаться,"Заняться добыванием денег, кажущихся легкими, обычно в ущерб образованию или карьере",
за душой ничего нет,"1. Беден, нищ (о человеке) 2. Абсолютно бездуховный человек","Душой называли углубление между ключицами, ямочку на шее над грудной костью, где, по народным поверьям, помещалась душа человека. В этом же месте на груди (за душой) носили кошельки."
за семь верст киселя хлебать,"1. Ходить очень далеко за пустым, неважным делом. 2. Потратить много времени и сил ради пустякового результата.",
за того парня,Вместо кого-то другого,
забегать вперед,"Приступать к чему-либо, не сделав то, что должно быть сделано раньше",
забить на что-либо,Перестать обращать на что-то внимание,
забить стрелку,Назначить встречу,
заварить кашу,Создать проблему,
завинтить гайки,"Принять меры, запретить что-либо",
завязать с чем-либо,"Закончить пользоваться, употреблять что-либо",
загнать себя в угол,Поставить себя в сложную ситуацию,
загореться желанием,Сильно захотеть,
задать жару,"Избить, поколотить. В общем случае - победить, разгромить",
задеть за живое,Затронуть сильно интересующую тему,
задирать нос,"Гордиться, хвастаться",
задняя мысль,"Мысль, возникающая позже ситуации. Без задней мысли - впрямую, честно.",
задушевный разговор,Откровенный разговор,
заживет как на собаке,Быстро заживет,
зайти на огонек,Зайти в гости,
зайти слишком далеко,Позволить себе многое,
закидать шапками,Добиться успеха за счет наглости,
закадычный друг,Лучший друг,
заклятые враги,Смертельные враги,
заколдованный круг,"Ловушка, неприятная ситуация, которая постоянно воспроизводится, безвыходная проблема","Иногда подразумевается ситуация, которая не имеет перспектив дальнейшего развития или утверждение, выведенное из самого себя или самоподдерживающаяся ситуация с положительной обратной связью"
закрывать глаза на что-либо,Намеренно не обращать внимания на что-то,
закусить удила,"Заупрямиться, даже осознавая, что делаешь себе же хуже",
залезть под юбку,Прибегнуть к защите женщины,
залечь на дно,Спрятаться,
зализывать раны,Восстанавливать утраченное,
замкнутый круг,"Ситуация, которая не имеет решений",
заморить червячка,Быстро перекусить,
занимать особое положение,Занимать особое положение,
зарубить на носу,Крепко запомнить,
застать врасплох,"Застать неподготовленным, неспособным защититься, как то ответить, внезапно застигнуть",
засучить рукава,"Изготовиться к работе, создать серьезный настрой на работу",
затишье перед бурей,Затишье перед бурей,
заткнуть за пояс,Быть лучше кого-то в какой-то области,
затмить кого-либо,Оказаться намного лучше,
затянуть пояс,Приготовиться голодать,
зашибать деньги,Получать большие деньги,
звёзд с неба не хватает,Не выдающийся человек,
зелёный змий,Алкоголь,
земля обетованная,"Место, идеально подходящее для какой-либо деятельности",
злой язычок,"Саркастичный, ядовитый человек",
змея подколодная,"Хитрый, злой, ядовитый человек",
знать назубок,Знать наизусть,
золотая молодёжь,Дети богатых родителей,
зубы заговаривать,"Врать, запутывать",
"и волки сыты, и овцы целы","Решение проблемы, одинаково удобное для обеих сторон, компромисс",
и иже с ним,"И те, которые с ним",
и на старуху бывает проруха,"Ошибиться может каждый, даже опытный человек",
и нашим и вашим,Угодить всем,
и ухом не повел,Не отреагировал,
игра стоит свеч,Выгода от предприятия превышает затраты на него же,
игра не стоит свеч,Выгода от предприятия не превышает затраты на него же,
игра в одни ворота,"Ситуация, в которой одна сторона получает все плюсы, вторая же несет все проблемы",
играть в бирюльки,Заниматься малозначимым делом,
играть в кошки-мышки,Соревноваться с заведомо неравными партнерами,
играть краплёными картами,Мошенничать,
играть на публику,"Действовать так, чтобы вызвать симпатии публики",
играть с огнем,Рисковать,
идея фикс,Навязчивая идея,
идти куда глаза глядят,"Идти в любое место, не зная куда идёшь",
идти на поводу у кого-либо,"Постоянно слушаться чьих-то советов, указаний, просьб",
идти напролом,"Действовать, не считаясь с трудностями, преградами, своими и чужими интересами",
идти по головам,"Действовать в своих интересах, ущемляя чужие",
идти по ложному следу,"Делать ложные выводы, со всеми вытекающими",
идти по чьим-то стопам,"Заниматься тем же, чем и предшественник",
идти своим чередом,Происходить как и должно,
из грязи - в князи,"О человеке, ничего не стоящем сам по себе, но неожиданно добившегося высокого поста. Либо, о человеке из самых низов, добившегося высокого поста.",
из кожи вон лезть,Очень стараться,
из первых рук,"От очевидца, участника",
из пустого в порожнее переливать,"Заниматься пустыми, бессмысленными рассуждениями",
из пушки по воробьям стрелять,Привлекать значительные средства для достижения незначительных целей,
из ряда вон выходящий,"Необычный, уникальный",
из ума вон,Сошел с ума,
из уст в уста,"Обычно о слухах, распространяемых людьми, пересказывающими их друг другу",
избиение младенцев,Обижать беззащитных людей,
изо всех сил,напрягая все силы,
изо всех щелей,Отовсюду,
изобретать велосипед,Придумывать или вносить ненужные модификации в уже существующее,
из-под земли достать,"Найти, несмотря на все трудности",
искра божья,"Что-то особенное, яркое",
искать днём с огнём,проводить бесполезные поиски,
испорченный телефон,Передача недостоверных сведений от одного к другому,
испустить дух,Умереть,
ищи ветра в поле,Бесполезно искать,
ищи-свищи,Бесполезно искать.,
каждой бочке затычка,"Человек, дающий советы всем, независимо от того, нужны ли эти советы",
каждому своё,"Не бывает одинаковых людей, одинаковых ситуаций. В каждом конкретном случае получается свой результат. Каждый получает то, чего достоин.",
как банный лист (пристать),"Надоедать, быть навязчивым",
крутиться как белка в колесе,"Активно, суматошно исполнять однообразную работу",
как бельмо на глазу,Сложно игнорировать,
как бог на душу положит,Как попало,
как в воду кануть,Исчезнуть без следов,
как гром среди ясного неба,Неожиданно,
как две капли,"Похожи, неотличимы",
как из ведра,"В большом количестве. О дожде, льет, как из ведра - сильный дождь",
как мертвому припарки,"Бесполезно, попусту",
как пчёлы на мёд,"О чем-либо, привлекающем внимание",
как ни в чем не бывало,Будто бы ничего не случилось,
как ни крути,"В любом случае, при любых обстоятельствах",
как об стенку/стену горох,"О человеке, не понимающем объяснения",
как огурчик,"О человеке: свежий, выспавшийся, трезвый",
как пить дать,"Точно, несомненно",
как по маслу,"Легко, складно",
как с гуся вода,"Кому-либо что-либо абсолютно безразлично, все нипочем",
как с цепи сорвался,"Стал вести себя буйно, неразумно",
как селёдка (сельди) в бочке,Теснота,
как сквозь землю провалиться,Бесследно исчез,
как снег на голову,"Неожиданно, вдруг",
как сыр в масле (кататься),Жить в достатке,
как у христа за пазухой,"Жить беззаботно, в полной безопасности",
бегать как угорелый,"Или носиться как угорелый, неодобрительно, много и быстро бегать, мельтешить, создавать суету.",
калачом не заманишь,Никакими посулами не заставить выполнить что-либо (преимущественно заехать или зайти куда-либо),
калиф на час,"О человеке, получившем власть случайно, на короткое время",
камень преткновения,Объект спора,
камня на камне не оставить,"Полностью разрушить, или резко раскритиковать",
кануть в вечность,"О времени: пройти, уйти в прошлое",
кануть в лету,"Быть навечно забытым, преданным забвению, исчезнуть бесследно и навсегда",
катиться по наклонной плоскости,Постепенно становиться все хуже и хуже,
качать права,"Предъявлять претензии, ссылаясь на что-либо не особо важное",
каша в голове,"Сумбур, сумятица в мышлении",
каши не сваришь с кем-либо,"Не сговоришься, не сделаешь какого-либо дела с кем-либо",
"кесарю кесарево, а богу богово",Каждому свое,
кидаться из крайности в крайность,"О непоследовательном, мечущемся человеке",
кисейная барышня,"Называют жеманную, изнеженную девушку с мещанским кругозором, не приспособленную к жизни",
китайская грамота,"Что-то непонятное, сложное для понимания",
кишмя кишит,"О множестве беспорядочно движущихся живых существ: людей, животных, рыб, насекомых и пр.",
кладезь знаний,Очень умный человек,
класть зубы на полку,"Испытывая нужду, ограничивать себя в самом необходимом, голодать",
положить зубы на полку,"Испытывая нужду, ограничивать себя в самом необходимом, голодать",
клеймить одним клеймом,Ставить в один ряд,
клиент всегда прав,споры с клиентами вредять бизнесу,
клин клином вышибать (выгонять),Подобное побеждается подобным,
книга за семью печатями,"О чем-либо абсолютно непостижимом, недоступном пониманию, скрытом от непосвященных",
кнут и пряник,Метод поощрений и наказаний,
когда жареный петух клюнет,1. При возникновении сложной проблемы. 2. Никогда,
когда как,В разных ситуациях по-разному,
когда припрёт/прижмёт,При возникновении сложной проблемы,
когда рак на горе свистнет,Никогда,
козел отпущения,"Человек, на которого постоянно сваливают ответственность за ошибки, проступки, грехи других",
колесо фортуны,"Слепая судьба, превратности, непостоянство человеческого счастья",
комок нервов,Нервный человек,
кондрашка хватил,Умер скоропостижно,
коней на переправе менять,Менять работников в процессе работы.Коней на переправе не меняют,
концерт окончен,Об окончании какого-либо действия,
конь не валялся,Работа не начата,
коптить небо,"Жить без цели, существовать",
короче говоря,Употребляется перед изложением сути дела,
корчить из себя,Изображать из себя,
косить от армии,Уклоняться от армейской службы,
кот в мешке,"Нечто неизвестное, с неизвестными качествами",
кот наплакал,"Очень мало,немного",
коту под хвост,Впустую,
кошмар наяву,Воплощение страшных фантазий,
краем глаза,Невнимательно,
краем уха услышать,"Услышать случайно, слушая невнимательно",
крамольная мысль,"Недостойная мысль, связанная с интригами, происками",
крепок задним умом,"Понимает, что нужно было делать, уже когда становится поздно",
кровь в жилах стынет,Очень страшно,
кровь с молоком,"Здоровый, крепкий человек",
крокодиловы слезы,"Неискреннее сожаление, сострадание",
крупица правды,Очень мало правды,
крылатые слова,"Образные выражения, цитаты и идиомы, которые получили широкое распространение",
кто бы говорил,"В ситуации, когда судящий сам находится в такой же ситуации и поступает противоположно своим словам.",
"кто в лес, кто по дрова",Несогласованность в совместных действиях,
куда глаза глядят,"В в любую сторону, куда угодно",
куда макар телят не гонял,Очень далеко,
купаться в деньгах,Быть очень богатым,
купаться в золоте,Быть очень богатым,
купаться в роскоши,Быть очень богатым,
курам на смех,"Смешно, никуда не годится",
курица лапой,"Кривой, некрасивый почерк",
курить фимиам,Восхвалять,
кусать локти,"Злиться, испытывать чувство досады",
лакомый кусочек,"То, что желательно получить в пользование",
лапу сосать,Голодать,
лебединая песня,"Прощальная, последняя песня, прощание, финал, заключительный этап процесса",
лебезить перед кем-либо,"Унижаться, похалимничать перед кем-либо, льстить",
легкие деньги,Деньги доставшиеся без особого труда,
легко сказать,"Трудности, большие проблемы выполнения, совершения того, о чём говорится",
легок на помине,"Человек, который появляется, когда о нем говорят",
лезть в бутылку,"1) Выставлять себя с невыгодной позиции 2) Очень сердиться, горячиться, выходить из себя",
лезть на рожон,рисковать без нужды,"1) Без нужды показывать себя 2) Глупое поведение, которое может навредить"
лёд тронулся,Дело началось,
лица нет,"Заметное изменение внешнего облика человека вызванное сильным потрясением, болезнью или волнением.",
ловить каждое слово,"Внимательно слушать, вникая в тему",
ловить на слове,"Запоминать сказанное собеседником, обещая в дальнейшем припомнить",
ловить рыбку в мутной воде,"Извлекать для себя выгоду, не афишируя этого",
ловля блох,"Бесполезное внимание к мелочам, стремление исправить мелкие недостатки, не обращая внимания на крупные",
ложиться спать с курами,"Ложиться спать очень рано, с наступлением сумерек",
ложка дёгтя в бочке мёда,"Изъян, недостаток, существенно снижающий всю совокупность положительных качеств объекта",
ложь во спасение,Сокрытие правды для обеспечения сохранности объекта,
ломать голову,Напряженно думать над чем-нибудь,
ломиться в открытую дверь,"Применять силу там, где нет необходимости",
лыка не вяжет,"Пьян настолько, что не может говорить членораздельно",
львиная доля,Большая часть чего-либо,
любопытная варвара,Сверх меры любопытный человек,
лямку тянуть,Выполнять по необходимости неинтересную работу,
ляпнуть не подумав,Сказать что-либо не подумав о последствиях,
мальчик на побегушках,Мелкий исполнитель указаний,
маменькин сынок,Несамостоятельный человек (о мужчине),
манна небесная,Неожиданное счастье," Согласно Библии, манна – пища, которую Бог каждое утро посылал иудеям в пустыне, когда они шли в Землю обетованную."
мартышкин труд,"Бесполезный, напрасный труд","Выражение восходит к басне И. А. Крылова «Обезьяна» (1811). Речь в ней идет о мартышке, позавидовавшей пахарю, работа которого вызывает одобрение окружающих. Мартышка, желая показать трудовое усердие, стала катать большой чурбан, однако похвал не дождалась, так как пользы от ее «работы» не было никакой."
медведь на ухо наступил,Абсолютное отсутствие музыкального слуха,"1. В выражении нашли своё отражение такие качества медведя, как неуклюжесть и глуповатость, его большие размеры. 2. Возможно, выражение связано с охотой на медведей, во время которой в схватке со зверем человек нередко получал различные повреждения."
медвежий угол,Глухое место,"Выражение вошло в широкое употребление после публикации одноименного рассказа П. И. Мельникова-Печерского, где так назван глухой город."
медвежья услуга,"Услуга, приводящая к результату противоположному ожидаемому","Фразеологизм восходит к басне И. А. Крылова ""Пустынник и медведь"", рассказывающей о дружбе пустынника с медведем. Однажды пустынник лег спать, а медведь отгонял от него мух. Когда муха села на лоб, медведь взял увесистый булыжник и убил им муху на лбу у друга."
"медленно, но верно","Медленно, но все же приближаясь к успешному завершению",
между молотом и наковальней,"Находиться в сложной ситуации, в которой надо быть очень осторожным",
между нами,"Приватно, секретная информация, тайна",
меж двух огней,"Находиться в сложной ситуации, в которой надо быть очень осторожным",
между двух огней,"Находиться в сложной ситуации, в которой надо быть очень осторожным",
между сциллой и харибдой,"Находиться в сложной ситуации, в которой надо быть очень осторожным",
мерить всех на свой аршин,"Судить людей по себе, по своим делам",
места не столь отдаленные,"Места заключения, тюрьма","Выражение из «Уложения о наказаниях» царской России, по которому ссылка делилась на две степени: в отдаленные и не столь отдаленные места Сибири."
место под солнцем,Жизненное пространство,
метать бисер перед свиньями,Совершать бесполезные действия,"Выражение из Евангелия: ""Не давайте святыни псам и не бросайте жемчуга (ц.-слав. бисер) вашего пред свиньями, чтобы они не попрали его ногами своими и, обратившись, не растерзали вас""."
метать петли,Обманывать,"1. Выражение из языка портных, означает ""обшивать петли на одежде"". 2. В языке охотников оборот означает ""выписывать на бегу сложные замкнутые кривые""."
методом проб и ошибок,Опытным путем находить решение,
мечта идиота,Несбыточная мечта,
мёртвого осла уши,"Шиш, кукиш, ничего и никогда, также, от селёдки ухо, дырка от бублика",
мёртвые души,"О том, чего нет на самом деле, но есть по документам ",По названию поэмы Н. В. Гоголя
мизинца не стоит,Абсолютно бесполезная вещь (тж. Никчемный человек)," Вероятно, от древних ритуальных традиций и обрядов у некоторых народов, при которых отсекались мизинцы или другие пальцы"
мир тесен,О неожиданной встрече со старым знакомым,
мозолить глаза,Надоедать кому-либо,
мокрая курица,(неодобр.) Никчемный человек,"Оборот - часть пословицы ""мокрая курица, а тоже петушится"". Происхождение прозрачно: вид курицы, попавшей под дождь, жалок и непригляден."
мокрый как мышь,Сильно промокший или вспотевший,
"молочные реки, кисельные берега","Сказочное место, где все доступно, все рядом",
момент истины,"Момент, когда ситуация становится ясной",
море слёз (пролить),Много плакать,
мороз по коже,"Состояние страха, волнения",
мрачнее тучи,Очень сердитый,
мурашки по коже,"Волнение, страх",
мутить воду,"Сознательно запутывать какое-либо дело, сбивать с толку или вносить путаницу",
мухи не обидит,Совершенно безобидный,
мыслить широко,"Смотреть на проблему иначе, рассматривать больше ее аспектов, чем принято",
мягко выражаясь,"Выражаться более культурно, чем требует ситуация",
быть с чем-то на «ты»,Очень хорошо разбираться в вопросе,
на взводе,В состоянии сильного возбуждения,
на всю катушку,"Максимально возможно, очень сильно",
на голом энтузиазме,"Абсолютно бескорыстно, бесплатно",
на грани фола,В условиях близких к нарушению установленных правил,
на гребне волны,"На вершине славы, известности",
на два фронта,В двух абсолютно разных направлениях,
на дне,"Низко, в том числе, в переносном смысле, на дне жизни",
вызывать на ковёр,"Быть вызванным к начальнику для выговора, получения замечаний",
на круги своя,Возвращаться в исходное состояние,
на кудыкину гору,Далеко,
на ножах,О напряжённых отношениях,
на переднем крае,"Впереди всех, в авангарде, в военном деле передний край обороны - участок оборонительной линии, ближайший к неприятельскому фронту",
на повышенных тонах,"Громко, раздражённо",
на последнем издыхании,Из последних сил,
на посошок,О рюмке перед уходом гостей,
на произвол судьбы,"Бросать, оставлять без помощи",
на пушечный выстрел не подходить,"Отдаляться, отгораживаться, держаться подальше",
на распутье,"В ситуации сложного, важного выбора",
на своем месте,"Там, где больше всего пригодится",
на своих двоих,Пешком,
на сегодня хватит,Достаточно,
на седьмом небе,"Быть на седьмом небе — чувствовать себя безмерно счастливым, на седьмом небе от счастья",
на сон грядущий,Делать что-либо перед сном,
наступать на те же грабли,Повторять одну и ту же ошибку,
на те же грабли наступать,Повторять одну и ту же ошибку,
на птичьих правах,"Неофициально, без законных оснований",
на чемоданах,"О готовности к поездке, переезду",
на чёрный день,"К тому времени, когда настанут худшие времена",
набит деньгами,Содержит очень много денег,
навёрстывать упущенное,"Догонять, в ускоренном темпе входить в курс дела",
наводить тень на плетень,"Усложнять речь, делать её непонятной",
навострить уши,Слушать очень внимательно,
нагнать страху,Без нужды запугать,
нагнетать атмосферу,Преувеличивать серьёзность ситуации,
настроиться на новый лад,Привыкнуть к новому порядку,
надувать губы,Обижаться,
называть вещи своими именами,Быть искренним,
найти общий язык,Добиться взаимопонимания,
наломать дров,"Сделать что-либо поспешно, не посоветовавшись, неправильно",
намотать себе на ус,Запомнить навсегда,
напрашиваться на комплименты,"Сознательно создавать ситуацию, в которой собеседник вынужден будет сделать комплимент",
напрашиваться на неприятности,"Сознательно создавать себе неприятности, вмешиваться в неприятную ситуацию без нужды",
наставлять рога,Изменять своему мужу,
наступить себе на горло,"Заставлять себя действовать против воли, желаний, сознательно сдерживать себя",
наткнуться на стену,"Застопориться, не иметь возможности идти дальше",
начать с чистого листа,Начать сначала,
"не в бровь, а в глаз","Очень точно, о замечании",
не в своей тарелке,"Неуверенно, неловко",
не верить своим глазам,Не верить очевидному,
не видеть дальше собственного носа,"О недальновидном человеке, который не видит проблему целиком",
не всё коту масленица,"О том, что период благополучия может закончиться, полная фраза ""не всё коту масленица, будет и великий пост""",
не давать покоя,Приставать,
не для слабонервных,О чём-либо страшном,
не за горами,"Скоро, близко (о времени)",
не иметь выбора,Быть вынужденным поступить именно так,
не к месту,Неуместно,
не лыком шит,"Не так прост, как кажется",
не место,Неуместно,
не мудрствуя лукаво,Не долго думая,
не находить себе места,Сильно переживать,
не по мне,Не нравится,
не по себе,Чувствовать себя плохо,
не по чьей-либо части,Он в этом не разбирается,
не покладая рук / работать не покладая рук / не покладая рук работать,Прилежно работать,
не проведёшь,Не обманешь,
не то слово,"Восклицание, означающее высшую степень похвалы",
не ударить в грязь лицом,"Не опозориться, не потерять достоинство",
не успеешь глазом моргнуть,Очень быстро,
не успеешь оглянуться,Очень быстро,
небо и земля,Об очень большой разнице,
невооружённым глазом,Сразу видно,
недалёкого ума,Глупый,
незапамятные времена,Очень давно,
нельзя ли для прогулок подальше выбрать закоулок?,Призыв покинуть место,
неотъемлемая часть,Обязательная часть,
непреклонное правило,"Непреложное правило, правило, которое нельзя нарушить",
несмотря ни на что,Преодолевая трудности,
несолоно хлебавши,"Вернуться бесприбыльно, ни с чем",
нести свой крест,Делать что-либо несмотря на тяжесть,
нет слов,"Нечего сказать, сложно выразить эмоции",
нечист на руку,"Нечестен, занимается мелким воровством",
ни бе ни ме в чём-либо,Некомпетентен в данном вопросе,
ни бельмеса,"Ничего не знать, не понимать",
ни богу свечка ни чёрту кочерга,"1. о ничем не выделяющемся, среднем, заурядном человеке, не отличающемся яркими свойствами или особенностями, не способном на активные, самостоятельные поступки, обычно с оттенком неодобрительности 2. о чём-либо невыразительном, посредственном",
ни больше ни меньше,"Ни больше ни меньше, именно это",
ни в жизнь,"Никогда, ни за что",
ни в зуб ногой,"Некомпетентен в данном вопросе, полная фраза ""ни в зуб ногой, ни в нос ботинком""",
ни в какие ворота не лезет,Совершенно неприемлемо,
ни в одном глазу,"Абсолютно трезв, абсолютно не хочет спать",
ни гроша за душой,Очень беден,
ни гу-гу,Молчать,
ни души,Никого,
ни за какие коврижки,"Ни при каких условиях, никогда",
ни за что на свете,"Ни при каких условиях, никогда",
ни к селу ни к городу,Неуместно,
ни копейки,Без денег,
ни на йоту,Ни на сколько,
ни рожи ни кожи,Неприметный человек,
ни рыба ни мясо,"Никак, никакой",
"ни с того, ни с сего",Вдруг,
ни свет ни заря,Очень рано,
ни себе ни людям,Никому,
ни слуху ни духу,Пропасть бесследно,
ни сном ни духом,Вообще не знать о чём-либо,
ни стыда ни совести,"О том, кто сделал что-либо пошлое, предосудительное",
ни то ни сё,"Никак, никакой",
ни туда ни сюда,"Никуда, оставаться на месте",
ни уха ни рыла не смыслить,"Быть некомпетентным в чём-либо, ничего не понимать",
низкого пошиба,"Низкопробный, некачественный, низкого происхождения",
никаких «но»,"Без возражений, без оправданий, выполнять беспрекословно",
нить ариадны,"О чём либо, помогающем разобраться в сложной обстановке, выйти из затруднительного положения. Метод выхода из сложной ситуации, помощь.","По имени Ариадны, дочери критского царя Миноса, которая, согласно древнегреческому мифу, помогла афинскому царю Тесею выбраться из лабиринта при помощи клубка ниток"
ничего особенного,Что-либо обычное,
ноль внимания,Полное равнодушие к чему-либо,
носиться как с писаной торбой,Излишне бережно к чему-либо относиться,
ну и ну!,Выражение удивления,
обвести вокруг пальца,Обмануть,
обещать золотые горы,Обещать много невыполнимого,
ободрать как липку,C легкостью обворовать,
обойдется,Пройдет само собой,
обреченный на успех,Неизбежный успех,
объедки с барского стола,"Оставшееся после господ кушанье, которое обычно отдавали в людскую",
овчинка выделки не стоит,"О пустяковом деле, которое потребует больше сил, чем принесет результата",
одержать верх,"Победить, выиграть",
одетый с иголочки,"Одетый модно, дорого, красиво (шикарно)",
один как сыч,Одинокий человек,
одним махом,За один раз,
одним миром мазаны,"Равноправны, заняты одним делом",
одно на уме,Думает только об одном,
одного круга,Равного положения,
одного поля ягоды,Равноправны,
одной левой,Легко победить,
оказать почётный приём,Проявить гостеприимство,
олимпийское спокойствие,Полное спокойствие,
опускать руки,"Сдавать, прекращать прилагать усилия в каком-нибудь деле ввиду его большой сложности или невозможности достижения успеха",
опять/снова за своё,"О поведении человека, возвращающегося к какой-нибудь форме поведения, к совершению какого-либо действия",
орать (кричать) благим матом,Ругаться,
орать как резаный,"Орать очень громко, истошно",
освежить память,"Напомнить, вспомнить",
освоить азы,Научиться основам чего-либо,
осиное гнездо,О собрании склочных людей,
оставаться в стороне,Не принимать участия в чем-либо,
оставить след,Сделать что-нибудь для общего дела,
отставной козы барабанщик,"Человек, занимающий несерьезную должность",
остаться в дураках,Остаться обманутым,
остаться с носом,"Остаться обманутым, ничего не получить",
острые ощущения,"Очень сильно, резко выраженные ощущения",
от всего сердца,Искренне,
от горшка два вершка,Маленький,
от души,"Искренне, от всего сердца",
от зубов отскакивать,Знать очень хорошо,
от корки до корки,"От начала до конца, целиком прочитать что-то или выучить.",
от чистого сердца,Искренне,
отбить интерес,Лишить желания заниматься чем-либо,
отбить желание,Лишить желания заниматься чем-либо,
отбиться от рук,О непослушном ребенке,
отбросы общества,"Ненужные, никчемные люди",
отвлекающий маневр,"Совершение действия, отвлекающего от главного",
отдавать честь,"Жест приветствия в армии, войсках",
отдать должное,Выражение одобрения действиям кого-либо,
отделаться легким испугом,Избежать тяжелых последствий при каком-нибудь неблагоприятном случае,
отделять овец от козлищ,Отделять овец от козлищ,
откинуть копыта,"Умереть, погибнуть",
отклоняться от темы,"Говорить не о том, о чем спрашивают",
открыть америку,«Открыть» что-то давно известное,
открыть кому-л глаза на что-л,"Разъяснить, показать очевидное",
откуда ни возьмись,О неожиданном появлении кого-либо или чего-либо,
отложить в долгий ящик,Отложить какие-либо дела на долгое время,
отложить на потом,"Принять решение заняться каким-то делом не сейчас, а в будущем",
отмывать деньги,"Легализовать средства, полученные преступным путем",
оторваться от коллектива,"Не совершать чего-либо, что делают все",
оторви и выбрось,О ненужной вещи,
отплатить той же монетой,Отомстить схожим образом,
отправить к праотцам,"Убить, умертвить",
отправить на тот свет,"Убить, умертвить",
отрезанный ломоть,"О сироте, ребенке, чужом в собственной семье",
очертя голову,"С жаром, с энтузиазмом",
павлик морозов,"Имя нарицательное для человека, который предает свою собственную семью, в особенности, отца. В настоящее время Павлик Морозов воспринимается в основном с негативным оттенком, этакий маленький Иуда."," Павел Морозов (1918—1932 гг.) — известный пионер-коммунист, который разоблачил кулацкий заговор, в котором участвовал его родной отец, и дал против него обвинительные показания, рассказав, что батя часто поднимал руку на мать и детей, а также занимался подделкой документов. За это, собственно, был убит, когда отправился собирать ягоды. В советское время Павлик Морозов был символом идеального подростка, который ради коммунистического будущего ставит на второй план и семью, и собственные интересы, и все остальное."
падать с неба,Унывать,
пальма первенства,"Лидерство в чем-либо, наилучший результат кого-либо сравнительно с остальными",
пальцем в небо,Наугад,
пальцем не пошевелить,Ничего не делать,
первый блин комом,"О неудачном, плохо получившемся каком-либо деле, совершаемом в условиях отсутствия опыта",
первый парень на деревне,Первый парень на деревне,
первый среди равных,Первый среди равных,
первым делом,Вначале,
перебиваться с хлеба на воду,Бедно жить,
перевернуться в гробу,Перевернуться в гробу,
перегнуть палку,Перестараться,
передать эстафету,Передать преемникам или следующему поколению,
перейти через рубикон,"Совершить решительное действие с заведомо необратимыми последствиями, прохождение точки невозврата.",
перековать мечи на орала,Перестроиться с военного на мирный лад,
перемывать косточки (кости),"Злословить, сплетничать, судачить о ком-либо.","Выражение связано с древним обрядом перезахоронения покойника. По представлениям некоторых народов, всякий нераскаявшийся грешник, если над ним тяготеет проклятие, после смерти выходит из могилы в виде упыря, вампира, вурдалака и губит людей. Чтобы снять заклятье, нужно выкопать останки покойника и промыть сохранившиеся кости чистой водой. Этот обряд стал со временем связываться с разбором поступков и различных сторон характера человека."
переполнить чашу терпения,Заставить нервничать,
перепугаться до смерти,Испытать сильный страх,
першить в горле,Першить в горле,
пилотный проект,Экспериментальный проект,"""Pilot"" по-английски не только пилот, но и проба"
пир во время чумы,Пир во время чумы,
питать слабость,"Испытывать симпатию к кому-либо, выделять что-либо во вкусах и предпочтениях",
пиши пропало,Пиши пропало,
пища богов,Очень вкусная пища,
пища для размышления,"Данные, на основе которых можно делать выводы, рассуждать",
плакаться в жилетку,Жаловаться кому-либо на свою жизнь,
плевать в потолок,Ничего не делать,
плести небылицы,Плести небылицы,
плоская острота,Несмешная шутка,
плыть по течению,"Подчиняться влиянию обстоятельств, ходу событий",
плюнуть в душу,Обидеть,
плясать под чью-л дудку,"Действовать, подчиняясь чьему-либо руководству",
по всему видно,По всему видно,
по первое число всыпать,Сильно наказать,
по последнему слову техники,По последнему слову техники,
по пьяной лавочке,"Спьяна, находясь в нетрезвом состоянии",
по пятам,Следом,
по сердцу,По сердцу,
по уши,Полностью,
победила дружба,"Говорится, когда в каком-либо соревновании, состязании борющиеся стороны достигли одинакового, равного результата",
поверить на слово,"Поверить чьим-нибудь словам, не проверяя то, что в них утверждается",
повернуть время вспять,Вернуть время назад,
поговорить по душам,Поговорить по душам,
погрязнуть в рутине,Погрязнуть в рутине,
под вопросом,"О чем-то сомнительном, не известном точно",
под каблуком,Под сильным контролем жены,
под мухой,"Спьяна, находясь в нетрезвом состоянии",
подарок судьбы,Крайне благоприятное событие,
подвести под монастырь,Подставить,
поддерживать связь,Поддерживать связь,
поджав хвост,Поджав хвост,
поджилки трясутся,О сильном страхе,
подлить масла в огонь,Еще больше усугубить,
подложить свинью,Подложить свинью,
подноготная правда,Подноготная правда,
подносить хлеб-соль,Подносить хлеб-соль,
поднять на щите,Поднять на щите,
подрезать автомобиль,Подрезать автомобиль,
подставлять кого-либо под удар,Подставлять кого-либо под удар,
поезд ушел,Об упущенной возможности,
поживем - увидим,"Подождем, посмотрим, что дальше будет",
пожинать лавры,Пожинать лавры,
пожинать плоды,Пожинать плоды,
позолотить ручку,Дать денег,
"показать, где раки зимуют",Выражение угрозы,"Многие помещики любили полакомиться свежими раками, а зимой их ловить очень трудно: раки прячутся под коряги, выкапывают норы в берегах озерка или реки и там зимуют. На ловлю раков зимой посылали провинившихся крестьян, которые должны были доставать раков из ледяной воды."
показать кузькину мать,"Угроза, часто шутливая",
ползти как улитка,Ползти как улитка,
поливать грязью,Оскорблять,"Оно восходит к противопоставлению ""чистый - грязный"" - к одной из древнейших форм осознания мира. Слово ""грязь"" соотносится с предметно-натуральным кодом культуры: оно изначально означало ""нечисть"", то есть раньше выражение ""поливать грязью"" означало ""напускать нечисть"", но переосмыслилось современным окультуренным сознанием как уподобление действиям человека, преднамеренно обливающего другого человека нечистотами, пачкающими его, роль символа, замещающего представление о нравственной нечистоте. Поливать помоями"
положа руку на сердце,Очень честно,"Выражение связано с прикладыванием руки к сердцу, что воспринималось как своего рода клятва в чистосердечии, искренности, истинности высказывания. Положа – старая форма краткого действительного причастия от глагола положить (современная форма деепричастия совершенного вида – положив). И сегодня иногда можно увидеть этот жест в доказательство неопровержимости сказанного."
положение хуже губернаторского,Затруднительное положение,"1. Выражение восходит к указу Павла I о взыскании убытков в случае ограбления почты с губернатора данной губернии, изданному им в 1800 г. в связи с крупным ограблением почты в Костромской губернии. Указ вызвал настоящий переполох среди губернаторов. 2. Выражение взято из коневодческого жаргона. Губернатором там назывался самец-пробник, которого припускали к кобыле для ее раздражения перед случкой с породистым производителем. Фразеологизм возник в результате каламбурного переосмысления по омонимическому сходству."
положить глаз,Заинтересоваться,
положить зубы на полку,"Влачить нищенское существование, жить впроголодь.","Выражения связано с производством пряжи. На Руси было распространено выращивание льна для личных и коммерческих нужд. Сам лён, который готовили для продажи, вычесывался специальными приспособлениями - дощечкой с железными зубьями (зубами). Если лён уродился, семья всем составом вычесывает его, держа в голове барыши, которые сулит продажа этого льна. Если же год выдался для льна неудачным - чесать будет совершенно нечего, поэтому и дощечка с зубами будет лежать нетронутая на полке. Продать в такой год ничего не удастся, денег не будет, а поэтому высок риск голодной зимы."
положить под сукно,Оставить без внимания,"Сукно - шерстяная ткань с гладкой поверхностью, которой покрывался письменный стол. Если дело легло под сукно - значит, что дело осталось без исполнения (первоначально - бумага не была подписана)."
полоса везения,"Когда очень везет, всё получается",
получить на орехи,Получить на орехи,
получить по шее,Быть наказанным,
помяни моё слово,"Вспомни, что я говорил",
понимать с полуслова,Хорошо понимать,
,Попал как кур во щи/в ощип,Попал как кур во щи/в ощип
попасть в самую точку,Попасть в самую точку,
попасть впросак,Попасть впросак,
попасться на удочку,Попасться на удочку,
попахивать неприятностями,Попахивать неприятностями,
попробовать себя в чем-либо,Попробовать себя в чем-либо,
попробуй пойми,Попробуй пойми,
пораскинуть мозгами,"Поразмыслить, обдумать что-нибудь",
послать подальше,Послать подальше,
после дождичка в четверг,Никогда,
после драки кулаками махать,Не оставлять событие в покое после его завершения,
последнее китайское предупреждение,"Ироническое выражение, подразумевающее то, что последних предупреждений может быть несколько.",
последняя капля,"Событие, на котором закончилось терпение человека",
последняя,"Высшая инстанция, это инстанция или человек которое принимает окончательное решение, которое некому оспорить",
поссориться в пух и прах,"Рассориться, очень сильно испортить отношения с кем-либо",
поставить не на ту лошадку,"Неправильно выбрать, выбрать проигравшую сторону",
поставить на ту лошадку,Правильно выбрать сторону победителя,
поставить на свое место,Одернуть,
поставить на место,Одернуть,
поставить точку,Завершить какое-либо дело,
постоять за себя,Защититься,
посыпать голову пеплом,"Выражение сожаления, раскаяния в совершенном поступке, действии",
потерянное время,"Время, которое было потрачено даром, без всякой пользы",
почивать на лаврах,"Не стремиться к новым достижениям, довольствуясь почетом, возникшем в результате прошлых свершений",
почить в бозе,Перестать существовать,
почуять неладное,"Почувствовать, что происходит что-то нехорошее",
правда-матка,Истинная правда,
предоставить самому себе,"Оставить, отпустить",
предпринимать меры,"Предпринимать шаги, сделать что-то, отреагировать на что-то",
прекрасный пол,Женский пол,
пресечь в зародыше,"Ликвидировать что-либо нежелательное, пока оно не успело развиться, развернуться из начального состояния",
пресечь на корню,"Полностью остановить и запретить, пока оно не успело развиться во что-то худшее",
при полном параде,В максимально нарядном виде,
при таинственных обстоятельствах,При неизвестных обстоятельствах,
при царе горохе,В неопределенно древние времена,
привлечь внимание,Обратить на себя внимание какими-то действиями,
пригласительный билет,"Личное приглашение на какое-то закрытое, непубличное, частное мероприятие, торжественное или праздничное",
пригодиться,Стать полезным в чём-то,
пригреть змею на груди,"Когда на добро, которое совершил в адрес другого, тот отвечает злом",
пригреть змею за пазухой,"Когда на добро, которое совершил в адрес другого, тот отвечает злом",
придавать огромное значение,Считать очень важным что-либо,
придираться к мелочам,"Обращать внимание на незначительные вещи, критиковать незначительные вещи",
прижать к стене,"Не оставить выхода, преградить путь к бегству",
прийти в себя,"Восстановить свою способность думать, соображать, чувствовать(после обморока, контузии и т. п.), опомниться, успокоиться",
призрачный шанс,"Очень слабый шанс, малая благоприятная возможность чего-либо",
прийти к шапочному разбору,Прийти к шапочному разбору,
прийтись не ко двору,Не понравиться,
принимать во внимание,Учитывать некое обстоятельство,
принимать желаемое за действительное,"Обманывать себя в чём-то, испытывать иллюзии",
принимать за чистую монету,"Верить чему-либо неправдивому, чьему-либо обману",
принять близко к сердцу,Сильно переживать о чем-либо,
природа отдохнула,"""На нем природа отдохнула"" - о человеке, который не обладает особыми талантами, внешностью, и т.д.",
природа свое возьмет,Разрешится естественным образом,
притча во языцах,"То,что все обсуждают",
притянутый за уши,"Неаргументированный, взятый с потолка, малодоказательный, не подкрепленный доказательствами, притянутый за волосы, неосновательный, недоказательный, голословный, безосновательный, неправомерный, несостоятельный, необоснованный, беспочвенный",
проверка на вшивость,"Испытание, которое устраивают, чтобы проверить заинтересованность человека в общем деле",
проглотить обиду,"Стерпеть обиду, несправедливое обращение",
прогнить до основания,"Испортиться полностью, коррумпироваться",
пройти испытание временем,Заслужить доверие,
"пройти огонь, воду и медные трубы","Пережить жизненные испытания, тяжелые ситуации",
прокрустово ложе,"То, что является мерилом, рамками для чего-либо, к чему насильственно подгоняют или приспосабливают что-либо, жертвуя ради этого чем-нибудь существенным, важным","Ложе, на котором, по древнегреческому мифу, разбойник Полипемон по прозвищу Прокруст или «растягивающий» по-древнегречески, укладывал схваченных им путников и вытягивал ноги тем, кому это ложе было велико, или отрубал — тем, кому оно было мало."
пропащая душа,Неисправимый человек,
пропивать мозги,Совершать неразумные поступки в связи со злоупотреблением алкоголем,
пропускать мимо ушей,"Игнорировать какую-либо информацию, чьи-либо замечания",
просиживать штаны,"Бездельничать, ничем не заниматься",
просто так!,"По собственному необоснованному желанию, либо без определенной причины",
протянуть ноги,Умереть,
протянуть руку помощи,"Оказать помощь, поддержку кому-либо",
профессор кислых щей,"Ироническое определение, фразеологический оборот, касающийся человека малосведущего, но словоохотливого, всерьёз занимающегося пустяковыми предметами.",
проходной двор,"Место, где ходит много людей",
проще пареной репы,"О чем-то элементарном, простейшем",
пруд пруди,Большое количество,
прыгать от радости,"Испытывать огромную радость, эйфорию",
прятать голову в песок,"В кризисной ситуации вести себя так, как будто тебя это не касается",
псих ненормальный,"О человеке, который ведет себя взбалмошно, неуравновешенно",
пуд соли съесть вместе,Дружить долгое время,
пуп земли,"О эгоцентричном человеке, который преувеличивает свое значение",
пускать пыль в глаза,Стараться произвести необоснованно хорошее впечатление на кого-либо,
пустить козла в огород,"Допустить кого-либо к такой сфере/делу, в котором он будет заинтересован сделать что-либо разрушительное для этой сферы/дела",
пуститься во все тяжкие,"Дойти до такой степени распущенности, когда в поведении практически отсутствуют моральные нормы",
путь наименьшего сопротивления,"Тактика поведения, требующая приложения минимальных усилий",
пятое колесо,Как пятое колесо у телеги - лишний элемент или лишний человек в каком-либо деле.,
работа не бей лежачего,Легкая работа,
работать допоздна,"Долго, много работать",
работать за троих,"Работать за семерых, много работать",
работать на износ,"Работать себе во вред, не жалея себя",
работать сутками,Много работать,
раз два и обчелся,Мало,
раз плюнуть,Возможность для кого-либо сделать что-то без особого труда,
разбить наголову,Превзойти во много раз,
развесить уши,Быть чрезмерно доверчивым,
разведывать обстановку,Узнавать информацию о происходящем,
развеять миф,Рассказать правду о чем-либо,
разводить антимонию,"Вести пустые, излишне долгие и отвлекающие от чего-либо серьёзного разговоры, проявлять излишнюю мягкость, снисходительность в отношениях с кем-либо.","1.  Алхимики вели долгие споры относительно лечебных свойств сурьмы, т. е. «разводили антимонию». 2. Выражение происходит от долгого и нудного процесса разведения и растирания лекарственных веществ, одним из которых являлась сурьма, в гомеопатии. 3. Слово «антимония» в этом обороте представляет собой искажённую форму слова «антиномия» (т. е. неразрешимое противоречие)."
развязать кому-либо руки,Позволить другому что-либо сделать или спровоцировать своими действиями,
разделать под орех,Очень сильно отругать,
раздуть шумиху вокруг,Привлечь множество внимания к какому-либо событию в своих целях,
поднять шум,Привлечь множество внимания к какому-либо событию в своих целях,
разжечь интерес,Пробудить интерес,
подогреть интерес,Пробудить интерес,
рань несусветная,Очень ранний час,
раскритиковать в пух и прах,Сильно раскритиковать,
раскрыть карты,Сделать что-либо в открытую,
расправить крылья,Почуствовать себя свободным,
распустить хвост,"Хвастаться, показывать себя с выгодной стороны",
рассиживаться как квашня,Проводить время в позорном бездействии,
расставить точки над i,Окончательно разобраться что к чему,
расстроить планы,Расстроить планы,
расхлебывать кашу,Решать проблемы,
рвать волосы на голове,"Отчаиваться, сожалеть",
рвать и метать,Быть в бешенстве,
реветь белугой,"Издавать громкие протяжные звуки, обычно по отношению к плачу.",
резать правду-матку,Говорить неприятную правду,
резать ухо,Неприятно на слух,
решетом воду носить,Бесполезное дело,
рог изобилия,Рог изобилия,
родиться в сорочке,"О человеке, который чудом остался в живых",
родственная душа,Близкий по духу человек,
"рождённый ползать летать не может
",,
розовые очки,Слишком позитивное восприятие мира,
руки в брюки,В бездействии,
рукой подать,Очень близко,
руку даю на отсечение,Ручаюсь,
голову даю на отсечение,"Ручаюсь, клянусь головой",
рыльце в пуху,Очевидная причастность к какому-то нехорошему делу,
рыться в чьем-либо грязном белье,Обсуждать интимные подробности,
с азов,С самого начала,"Начинать с самого начала. Идея начала заключена в слове аз – названии первой буквы русского алфавита. Словом азы называли буквы, всю грамоту вообще."
с блеском,Отлично справиться с чем-либо,
шутка с бородой,Очень старая шутка,
с бухты-барахты,"Вдруг, ни с того, ни с сего, внезапно",
с высоты птичьего полёта,"С большой высоты, смотреть на ситуацию глобально, целиком",
с гулькин нос,Очень мало,
с иголочки,Совершенно новый,
скопытиться,Умереть,
с нуля,С самого начала,
с огня да в полымя,Ряд неудач,
с пеной у рта,Рьяно доказывать,
с поличным поймать,"Застукать преступника на месте, с неопровержимыми уликами",
с поличным явиться,Сдаться в руки правосудия,
с протянутой рукой,Просить милостыню,
с пустыми руками,С пустыми руками,
с распростертыми объятиями,Радушный приём,
с сердцем,С любовью,
с умом,Умно,
сады семирамиды,Что-то чудесное,
само по себе,Самостоятельно,
само собой разумеется,Само собой разумеется,
сбить с панталыку,Запутать в рассуждениях,
сбить с толку,Обмануть,
сбиться с ног,Хлопотать до изнеможения,"Содержит антропную, то есть описывающую человека или его действия, метафору, которая основана на символьной функции ног как основного ""инструмента"", с помощью которого человек перемещается в пространстве и осуществляет какую-либо деятельность. Данная метафора отображает также стереотипное представление о суетливости, хаотичном движении субъекта, создающееся за счёт вербального компонента сбиваться/сбиться, который принадлежит к деятельностному коду культуры. В целом фразеологизм выполняет роль эталона, т. е. меры, усталости от непрерывных хлопот и суетливой беготни."
сборная солянка,О разнообразной и неоднородной смеси чего-либо,"Для блюда селянки (ныне — солянка) применяется большое количество составляющих, поэтому она стала символом пестрой смеси."
"свежо предание, а верится с трудом","Означает, что к новостям можно и иногда необходимо относиться с долей скепсиса.","А.С. Грибоедов: ""Горе от ума"" - фраза Чацкого"
свет клином не сошёлся,"О ком-то, кто неожиданно оказался в центре внимания (или наоборот - ему можно найти замену)","Когда кто-то поёт или играет соло, на него светит прожектор, выделяя его. При этом весь оркестр остаётся на сцене в темноте."
светлая голова,Светлая голова,
сводить концы с концами,"Жить в бедности, ""от получки до получки""",
свой парень,Свой парень,
связать по рукам и ногам,Не дать возможности что-то сделать,
связываться с кем-либо,Связываться с кем-либо,
священная корова,Священная корова,
сгорать со стыда,"Сильно стыдиться, краснеть от стыда",
сгорать от стыда,"Сильно стыдиться, краснеть от стыда",
сдвигаться с мёртвой точки,"Преодолеть застой, сдвинуть с места какое-либо дело.",
сделать исключение из правил,"Сделать поблажку, пропустить какой-либо недостаток, смягчить требования, разовый поступок.",
сделать кого-либо орудием в своих руках,Манипулировать кем-то,
сделать поблажку,Отнестись со снисхождением,
себе на уме,О молчаливом человеке,
северная пальмира,Образное название Санкт-Петербурга,
седьмая вода на киселе,Очень дальний родственник,
секрет полишинеля,Известно всем,
семимильными шагами,Очень быстро,
семь пядей во лбу,Очень умный человек,
семь футов под килем,Семь футов под килем,
сердце не лежит,Что-то не нравится,
серый кардинал,"Кукловод, манипулятор, не желающая привлекать внимание к своей персоне личность, которая управляет людьми, имеющих доступ к значительным ресурсам",
сесть в калошу,Оказаться в неудобном положении,
сжечь дотла,"Сжечь полностью, без остатка",
сжечь за собой все мосты,"Означает решительный поступок, прохождение точки невозврата",
сидеть как на иголках,Волноваться,
сидеть на голодном пайке,Иметь недостаточно ресурсов,
сидеть на шее,Жить за чужой счёт,
сидеть сложа руки,Ничего не предпринимать,
сизифов труд,"Бесполезный труд, значит бессмысленная и бесконечная работа, тяжелое и безрезультатное занятие.","За проступки боги приговорили Сизифа к наказанию — вечно вкатывать на гору тяжёлый камень, который скатывался опять вниз, а он должен был его возвращать вверх на прежнее место."
сильная сторона,"Достоинство, преимущество",
сильные мира сего,"О людях, занимающих высокое общественное положение",
сирота казанская,"Это «плут, прикидывающийся бедняком, от бывших мурз казанских». В наши дни так называют человека, который притворяется несчастным, чтобы вызвать сочувствие и жалость у окружающих.",
сказка про белого бычка,"О длинной, бесконечной истории (при этом часто занудной)","Этот фразеологизм - точная калька с французского ""coudre avec du fil blanc""."
скатертью дорога,"Изначально - лёгкого, безопасного пути. Сейчас - выражение безразличия, что кто-то ушёл.",
скидываться на что-либо,"Вносить общий вклад во что-либо, внести свою лепту",
склеить ласты,Умереть,
сколько душе угодно,Много,
"сколько лет, сколько зим","Доброжелательное приветствие при встрече лиц, которые долго не виделись",
скрежетать зубами,"Досадовать, злобствовать",
скрепя сердце,Против желания,"Скрепя - то же, что скрепив. Оборот связан с движением хватания себя за сердце при сильном сердцебиении от волнения, то есть буквально: ""скрепить сердце рукой"" . Скрепить в этом выражении имеет внутреннюю форму ""укрепить""."
слабое место,Слабость,
слезливая история,"История, вызывающая чувство жалости, жалостливая история",
сливки общества,Элита,
словесная перепалка,"Склока, ссора",
словесный понос,Безудержный поток слов,
сломя голову,Быстро бежать,
служить посмешищем,Быть объектом насмешек,
слюнки текут,Очень аппетитное,
смекнуть что к чему,"Понять, найти суть проблемы",
сморозить глупость,Сказать глупость,
смотать удочки,Закончить деятельность,
смотреть в рот,"Глядеть с жадностью на человека, который ест или другое значение - подобострастно слушать",
смотреть как баран на новые ворота,"Не понимать, находиться в иступлении, смотреть как никогда не видев (слышав, знав) прежде",
смотреть правде в глаза,Принимать истинное положение дел,
смягчить удар,Уменьшить последствия,
сносить крышу,Потерять голову,
со щитом или на щите,Победить или умереть,"Призыв победить, добиться цели или погибнуть со славой. Восходит к Древней Спарте, где павшего в бою воина, предположительно, несли с поля битвы на его щите."
со всех ног,Очень быстро,
собаку сьесть,"Знать и уметь что-то очень хорошо, иметь в этой области большой опыт",
соблюдать приличия,"Вести себя прилично, не нарушать правила этикета",
совать палки в колеса,Мешать что-то сделать,
соваться в чужие дела,"Вмешиваться, интересоваться чужими делами",
содом и гоморра,"Суматоха, шум (используется название двух городов, уничтоженных богом за грехи, это происходило с большим шумом и разрушениями)",
сойти с праведного пути,Сойти с праведного пути,
сойти с проторенного пути,Сойти с проторенного пути,
соломенная вдова,"Означает женщину, по каким-либо причинам временно оставшуюся без супруга или не живущую вместе с ним продолжительное время.",
соломенное чучело,"Подмена тезиса (латинское ignoratio elenchi) — логическая ошибка и один из демагогических приёмов, основанных на опровержении фиктивной точки зрения с целью обоснования другого утверждения. Выражение - калька с английского strawman fallacy",
сор из избы выносить,Жаловаться посторонним о происходящем внутри группы,
сорвать банк,"Выиграть очень крупную сумму денег, поставленную на кон",
сорвать башню,Потерять голову,
сорить деньгами,Бездумно тратить деньги,
сорока на хвосте принесла,Сорока на хвосте принесла,
сохранить присутствие духа,Не паниковать,
спасать шкуру,Спасаться,
спать как убитый,Очень крепко спать,
спать на ходу,"Идти в полусне, сильно устать",
испокон веку,Издавна,
спокон веков,Издавна,
спорный вопрос,"Вопрос, на который сложно дать однозначный ответ.",
спуститься на землю,Принять реальность,
спустя рукава,Небрежно,
спутать (все) карты,Поломать планы,
сражаться с ветряными мельницами,Сражаться с выдуманным врагом,
средней паршивости,Не очень хорошего качества,
срывать завесу,Разоблачить,
ставить во главу угла,Сделать главным,
ставить под сомнение,Сомневаться,
ставить подножку,Помешать,
ставить точку,"Принять решение после долгого спора, закрыть вопрос",
стать поперек горла,Сильно надоесть,
стереть в порошок,Уничтожить,
стерпится-слюбится,Призыв проявить смирение,
стоить целое состояние,"Очень большие деньги, большая стоимость",
стоять на своём,Не уступать,
стоять над душой,Занудствовать,
страшно подумать,Страшно подумать,
строить глазки,Флиртовать,
строить из себя,Пытаться выглядеть желаемым образом в глазах окружающих,
стукнуть кулаком,Решительно потребовать,
судьба улыбается кому-либо,Удача кого-либо,
суета сует,Преходящее,
сулить золотые горы,Обещать очень многое,
сущее наказание,"Доставляющее большие хлопоты, заботы, проблемы",
сферический конь,Что-то абстрактное и несуществующее в природе,
сходить с рук,Отсутствие наказания за содеянное,
сходить с ума,"Бредить (мечтать) о чём(ком)-либо, лишаться разума, терять контроль",
сходить со сцены,"Окончание периода популярности, деятельности",
считать ворон,"Быть рассеянным, невнимательным, несосредоточенным на нужном",
сыграть в ящик,Умереть,
сыпать соль на рану,"Затрагивать тему, причиняющую душевную боль",
сыт по горло,Нежелание продолжать,
так я и знал,Свершение предполагаемого события,
так было угодно судьбе,Смирение,
так держать,Одобрение,
так себе,"Средняя оценка, ни плохо, ни хорошо",
тамбовский волк тебе товарищ,Недружелюбие,
танцевать от печки,"Делать что либо, начиная с привычного места, с начала",
тараканы в голове,"Психологические проблемы, которые мешают в жизни",
крепкий орешек,"Упрямый человек, которого тяжело запугать",
театр начинается с вешалки,"Обращение внимания на мелочи, детали",
тепленькое местечко,"Место, где хорошо получают и меньше работают",
терновый венец,"Издевательский венец из терновых ветвей, которым был увенчан распятый Иисус Христос.",
тёртый калач,"Бывалый, опытный человек",
типун на язык,Не дай бог,
тише воды ниже травы,Существование с минимальным привлечением внимания к своей персоне,
ткнуть носом в,"Указать, показать, доказать",
то что надо,Что и требовалось,
только его и видели,Исчезнуть из виду,
лезть поперёк батьки в пекло,"Проявлять нетерпение, спешить",
торопить события,"Проявлять нетерпение, спешить",
точить зуб,Таить злобу,
точить лясы,Болтать,
тревожить душу,Волновать,
трепать языком,Болтать,
третий рим,Москва,
трещать без умолку,Болтать,
трещать по швам,"Не выдерживать нагрузок, непрохождение проверки",
тришкин кафтан,Тришкин кафтан,
трубка мира,Выкурить трубку мира - заключить мир,
трястись над каждой копейкой,Жадничать,
тугой на ухо,Плохо слышащий,
туз в рукаве,Обеспечение выигрыша,
тупиковая ситуация,Отсутствие вариантов решения проблемы,
тютелька в тютельку,Очень точно и правильно сделано,
точность как в аптеке,Очень точно,
тяжелый на подъем,Тяжелый на подъем,
тянуть время,Оттягивать наступление нужного момента,
тянуть кота за хвост,Медлить,
тянуть клещами,Проблематичность получения необходимых сведений,
тяп-ляп и готово,Не аккуратно,
у всех на слуху,"Обсуждаем, известен",
у разбитого корыта,Остаться ни с чем,
у чёрта на куличках,"Далеко. В месте, куда трудно добраться",
увенчать лаврами,Наградить как победителя,
удар ниже пояса,Подлый удар,
ударить в грязь лицом,Опозориться,
удобства во дворе,Неудобства,
уйти по-английски,Уйти не прощаясь,
указать на дверь,Прогнать из дома,
укромный уголок,Укромный уголок,
уложиться в срок,Успеть сделать что-либо за отведенное для этого время,
ум за разум заходит,О чем-нибудь сложном для понимания,
ума палата (а ключ потерян),"Иронично, О человеке, который кажется себе очень умным, на самом деле это не так",
умывать руки,Отказываться от продолжения участия в каком-то деле,
упасть духом,"Расстроится, поверить в безнадёжность",
упрямый как осел,Очень упрямый,
устроить сцену,"Устроить крупный разговор, излишне эмоциональное объяснение, ссору",
усыплять бдительность,Ослаблять внимание к чему-либо,
утереть нос,"Доказать свое превосходство над кем-то, одержать победу над кем-то",
утечка мозгов,Потеря умных людей,
ушки на макушке,Слушать с предельным вниманием,
уязвимое место,Слабое место,
"федот, да не тот",Не то чем представлялось в начале,
философский камень,"Мифический камень, который искали алхимики в древности. Может продлять жизнь или превращать свинец в золото",
филькина грамота,"Документ, не представляющий никакой силы, или же вызывающий сомнения/недоверие/игнорирование второй стороной","Происходит от имени московского митрополита Филиппа. В свое время он писал Ивану Грозному письма с просьбами успокоиться, покаяться и смягчать законы. Царь же не придавал им никакого значения и выбрасывал, не читая."
фома да ерёма,"Традиционные скоморошные персонажи в русском лубке. Фома хотя и глуп, но хитёр и расторопен: Небольшого ума Фома, да велика у него сума; Фома - большая крома. В противоположность хитрому Форме Ерёма глуп и сентиментален. Ему часто достаются пинки и подзатыльники. Еремея потчуют умея, взяв за ворот и взашеи.",
фома неверующий,"Недоверчивый, во всем видит подвох","В Библии один из двенадцати Апостолов, не поверивший в воскресение Христа. Сказал: «Пока не увижу, не поверю». Христос пришел к нему, он увидел и поверил."
форменная обдираловка,Возмущение высокой ценой,
хватит ковырять в носу,Прекрати заниматься пустым делом!,
хлеба и зрелищ,Удовлетворение потребностей народа властью,"Калька лат. panem et circenses, Ювенал, «Сатиры», сатира VII, 81, начало II века. Ювенал сообщает, что во времена Императора Августа римские плебеи постоянно требовали хлеба и пышных цирковых зрелищ, и не угоманивались, пока им не давали вволю и того, и другого."
хлебом не корми,Энтузиаст,
хлеб-соль,"Гостеприимство, радушие",
хляби небесные,"Сильные, обильные осадки",
ходить вокруг да около,Не касаться сути,
ходить на задних лапках,Лебезить,
ходить налево,Блудить,
ходить по струнке,Строгая дисциплина,
ходить фертом,Важничать,
хорошенького помаленьку,Умереность в удовольствиях,
хотите верьте хотите нет,Информация к размышлению,
хоть бы хны,"Не больно, безразлично",
хоть кол на голове теши,"Непослушание, безразличие",
хоть пруд пруди,Много,
хоть трава не расти,Безразличие к последствиям,
"хоть убей, не знаю",Точно не знаю,
хоть шаром покати,Пусто,
хранить как зеницу ока,Самое дорогое,
хуже горькой редьки,Очень неприятное,
цепляться к мелочам,Привередничать,
царевна несмеяна,Депрессивный человек,
цепкий ум,Склонность к анализу,
цепляться за соломинку,"Прибегать к последнему средству, даже слабому",
цвести и пахнуть,Быть привлекательной или привлекательным и в хорошем расположении духа,
час пик,Частичная калька с англ. peak hour,
человеческий фактор,"Часто говорится о причине несчастного случая, аварии, происшествия в результате неправильных действий человека",
чепуха на постном масле,Бред,
через мой труп,Ни за что!,
через одно место,Сделано очень плохо,
через пень-колоду,Кое-как,
черепашьим шагом,Медленно,
черкнуть пару строк,Написать немного,
черный как трубочист,Грязный,
черный нал,"Наличность, укрываемая от налогов",
чёрным по белому,"Понятно,ясно",
чёрт ногу сломит,"Очень криво,косо-непонятно",
читать мысли,Угадывать о чём думает другой человек,
что было - то было,Призыв не вспоминать о прошлом,
чтоб тебе пусто было,Чтоб ты пропал,
чувство локтя,Ощущение поддержки,
чувствовать себя как дома,Чувствовать себя уютно,
как рыба в воде,Чувствовать себя как рыба в воде,Чувствовать себя очень хорошо где-нибудь
чужими руками жар загребать,Недобросовестно пользоваться результатами чужого труда,
чушь собачья,100%-я чепуха,
шапочное знакомство,Поверхностное знакомство,"Друзья при встрече пожимали друг другу руки, близкие друзья или родственники обнимались, а просто знакомые - приподнимали шляпу"
шарашкина контора,"Несолидное, не вызывающее доверия учреждение, предприятие, организация.","От шарань ”шваль, голытьба, жулье”."
шевелить поршнями,"Двигай ногами, отсюда",
шевелить мозгами,Думать,
шерочка с машерочкой,Иронично - о двух подругах.,"Выражение происходит от французского chere (дорогой), ma chere (моя дорогая)."
шиворот-навыворот,"Наоборот, совсем не так, как нужно.","Шиворотом в Московской Руси назывался расшитый воротник боярской одежды, один из знаков достоинства вельможи. Во времена Ивана Грозного боярина, подвергшегося царскому гневу и опале, сажали на тощую клячу спиной вперед, надев на него одежду тоже наизнанку, т.е. шиворот навыворот (наоборот). Само слово шиворот возникло из шив + ворот, где шив - др.-рус. ”шея”."
шило в одном месте,"Непоседа, беспокойный человек",
шкурный интерес,"Личная заинтересованность, выгода",
шут гороховый,"Пустой человек, чудак, служащий всеобщим посмешищем.","Первоначально - ´пугало на поле, засеянном горохом´. Во время святочных забав в числе действующих лиц был ряженый,окутанный гороховой соломой. В конце Масленицы возили соломенное чучело шута горохового. Гороховой соломой украшали себя и скоморохи."
шутки в сторону,Призыв к серьезности,
щекотливая ситуация,"Неловкая, неудобная ситуация",По ассоциации с ощущениями при щекотании
эзопов язык,"В литературе, иносказание, намеренно маскирующее мысль автора",
эликсир жизни,"О том, что бодрит, придаёт силы.","Эликсир жизни - волшебный напиток, который пытались получить алхимики для того, чтобы продлить человеческую жизнь, сохранить молодость."
это не по-нашему,В несоответствии с принятыми в данном обществе нормами,
это по-нашему,В соответствии с принятыми в данном обществе нормами,
этот номер не пройдёт,Что-то не удастся,
яблоко раздора,"Повод, причина ссоры, спора, серьёзных разногласий","От греческих мифов, причина троянской войны, приз самой красивой богине."
явился — не запылился,Выражение раздражения по поводу чьего-либо нежелательного прихода. ,"Этот оборот собственно русский. Когда слугу посылали с поручением куда-либо, а он являлся назад в незапыленной одежде и обуви, это говорило о недобросовестном выполнении поручения или о его невыполнении, т. к. пройти какое-то расстояние по пыльной дороге и не запылиться было невозможно."
яко тать в нощи ,"Неожиданно, внезапно",Выражение восходит к церковно-славянскому тексту первого послания апостола Павла к Фессалоникийцам. Тать - устар. ”вор”. Ср. святотатство - первоначально ”кража церковного имущества”.
яйца выеденного не стоит,Совершенно бесполезная вещь,
язык сломаешь,Очень трудно выговорить,
японский городовой,Эвфемизм нецензурной брани,
ящик пандоры,"Открыть ящик Пандоры, означает совершить действие с плохими необратимыми последствиями, которое нельзя отменить.",
